,Unnamed: 0,idx,Image1,ValenceMean1,ArousalMean1,ValCat1,Image2,ValenceMean2,ArousalMean2,ValCat2,Valence_Diff,Arousal_Diff,ValenceContrast,ABSArousal_Diff,ABSValence_Diff,Bin,Img1Dir,Img2Dir,Block
51,51,51,9395.jpg,3.21,4.22,Neg,Shark 5.jpg,4.464052288,5.594059406,Neu,-1.254052288,-1.374059406,NegNeu,1.374059406,1.254052288,2,IAPS/9395.jpg,IAPS/Shark 5.jpg,1
237,237,237,2570.jpg,4.78,2.76,Neu,3500.jpg,2.21,6.99,Neg,2.57,-4.23,NeuNeg,4.23,2.57,6,IAPS/2570.jpg,IAPS/3500.jpg,1
193,193,193,Toilet 1.jpg,4.738562092,2.808580858,Neu,War 4.jpg,3.62745098,6.04290429,Neg,1.111111112,-3.234323432,NeuNeg,3.234323432,1.111111112,5,IAPS/Toilet 1.jpg,IAPS/War 4.jpg,1
16,16,16,2155.jpg,6.78,5.43,Pos,Dog 1.jpg,6.518151815,5.427184466,Pos,0.261848185,0.002815534,PosPos,0.002815534,0.261848185,1,IAPS/2155.jpg,IAPS/Dog 1.jpg,1
52,52,52,Car crash 1.jpg,2.137254902,5.739273927,Neg,Children 1.jpg,7.297029703,4.365695793,Pos,-5.159774801,1.373578134,NegPos,1.373578134,5.159774801,2,IAPS/Car crash 1.jpg,IAPS/Children 1.jpg,1
33,33,33,9428.jpg,2.31,5.66,Neg,Thunderstorm 5.jpg,6.00330033,5.699029126,Neu,-3.69330033,-0.039029126,NegNeu,0.039029126,3.69330033,1,IAPS/9428.jpg,IAPS/Thunderstorm 5.jpg,1
168,168,168,5530.jpg,5.38,2.87,Neu,6540.jpg,2.19,6.83,Neg,3.19,-3.96,NeuNeg,3.96,3.19,5,IAPS/5530.jpg,IAPS/6540.jpg,1
4,4,4,7650.jpg,6.62,6.15,Pos,Cat 5.jpg,7.954248366,6.148514851,Pos,-1.334248366,0.001485149,PosPos,0.001485149,1.334248366,1,IAPS/7650.jpg,IAPS/Cat 5.jpg,1
24,24,24,5726.jpg,6.23,2.84,Pos,Toilet 3.jpg,4.777777778,2.821782178,Neu,1.452222222,0.018217822,PosNeu,0.018217822,1.452222222,1,IAPS/5726.jpg,IAPS/Toilet 3.jpg,1
29,29,29,4622.jpg,7.46,4.11,Pos,9390.jpg,3.67,4.14,Neg,3.79,-0.03,PosNeg,0.03,3.79,1,IAPS/4622.jpg,IAPS/9390.jpg,1
208,208,208,8160.jpg,5.07,6.97,Neu,Wall 4.jpg,4.98679868,2.113268608,Neu,0.08320132,4.856731392,NeuNeu,4.856731392,0.08320132,6,IAPS/8160.jpg,IAPS/Wall 4.jpg,1
100,100,100,1659.jpg,6.57,4.89,Pos,7006.jpg,4.88,2.33,Neu,1.69,2.56,PosNeu,2.56,1.69,3,IAPS/1659.jpg,IAPS/7006.jpg,1
124,124,124,2717.jpg,2.58,5.7,Neg,Bark 4.jpg,5.316831683,2.656957929,Neu,-2.736831683,3.043042071,NegNeu,3.043042071,2.736831683,4,IAPS/2717.jpg,IAPS/Bark 4.jpg,1
128,128,128,Dog 12.jpg,8.04950495,5.54368932,Pos,Roofing 2.jpg,5.079207921,2.501618123,Neu,2.970297029,3.042071197,PosNeu,3.042071197,2.970297029,4,IAPS/Dog 12.jpg,IAPS/Roofing 2.jpg,1
121,121,121,Pigeon 1.jpg,5.745098039,2.900990099,Neu,Rollercoaster 1.jpg,6.927392739,5.944983819,Pos,-1.1822947,-3.04399372,NeuPos,3.04399372,1.1822947,4,IAPS/Pigeon 1.jpg,IAPS/Rollercoaster 1.jpg,1
116,116,116,1908.jpg,5.28,4.88,Neu,2000.jpg,6.51,3.32,Pos,-1.23,1.56,NeuPos,1.56,1.23,3,IAPS/1908.jpg,IAPS/2000.jpg,1
195,195,195,5470.jpg,7.35,6.02,Pos,Keyboard 2.jpg,5.145214521,2.825242718,Neu,2.204785479,3.194757282,PosNeu,3.194757282,2.204785479,5,IAPS/5470.jpg,IAPS/Keyboard 2.jpg,1
222,222,222,Fire 5.jpg,1.980392157,6.716171617,Neg,Socks 1.jpg,5.271604938,2.205128205,Neu,-3.291212781,4.511043412,NegNeu,4.511043412,3.291212781,6,IAPS/Fire 5.jpg,IAPS/Socks 1.jpg,1
61,61,61,2400.jpg,4.21,4.2,Neu,9495.jpg,3.34,5.57,Neg,0.87,-1.37,NeuNeg,1.37,0.87,2,IAPS/2400.jpg,IAPS/9495.jpg,1
85,85,85,Car race 1.jpg,5.518518519,3.948717949,Neu,Miserable pose 3.jpg,1.14379085,6.531353135,Neg,4.374727669,-2.582635186,NeuNeg,2.582635186,4.374727669,3,IAPS/Car race 1.jpg,IAPS/Miserable pose 3.jpg,1
218,218,218,Fire 11.jpg,2.006535948,6.755775578,Neg,Yarn 1.jpg,3.130718954,2.161716172,Neg,-1.124183006,4.594059406,NegNeg,4.594059406,1.124183006,6,IAPS/Fire 11.jpg,IAPS/Yarn 1.jpg,1
122,122,122,7140.jpg,5.5,2.92,Neu,Tornado 2.jpg,4.359477124,5.96369637,Neu,1.140522876,-3.04369637,NeuNeu,3.04369637,1.140522876,4,IAPS/7140.jpg,IAPS/Tornado 2.jpg,1
194,194,194,9254.jpg,2.03,6.04,Neg,Clean 1.jpg,6.395061728,2.820512821,Pos,-4.365061728,3.219487179,NegPos,3.219487179,4.365061728,5,IAPS/9254.jpg,IAPS/Clean 1.jpg,1
91,91,91,1122.jpg,5.15,4.32,Neu,2811.jpg,2.17,6.9,Neg,2.98,-2.58,NeuNeg,2.58,2.98,3,IAPS/1122.jpg,IAPS/2811.jpg,1
48,48,48,8420.jpg,7.76,5.56,Pos,Soldiers 5.jpg,6.254125413,4.184466019,Pos,1.505874587,1.375533981,PosPos,1.375533981,1.505874587,2,IAPS/8420.jpg,IAPS/Soldiers 5.jpg,1
41,41,41,5660.jpg,7.27,5.07,Pos,Depressed face 2.jpg,4.765432099,3.692307692,Neu,2.504567901,1.377692308,PosNeu,1.377692308,2.504567901,2,IAPS/5660.jpg,IAPS/Depressed face 2.jpg,1
158,158,158,Lightning 6.jpg,5.653594771,5.95049505,Neu,Timber 1.jpg,4.775577558,3.226537217,Neu,0.878017213,2.723957833,NeuNeu,2.723957833,0.878017213,4,IAPS/Lightning 6.jpg,IAPS/Timber 1.jpg,1
212,212,212,5800.jpg,6.36,2.51,Pos,6350.jpg,1.9,7.29,Neg,4.46,-4.78,PosNeg,4.78,4.46,6,IAPS/5800.jpg,IAPS/6350.jpg,1
113,113,113,7660.jpg,6.61,5.59,Pos,Building 2.jpg,6.061728395,3.897435897,Neu,0.548271605,1.692564103,PosNeu,1.692564103,0.548271605,3,IAPS/7660.jpg,IAPS/Building 2.jpg,1
183,183,183,8470.jpg,7.74,6.14,Pos,Paper 5.jpg,5.483660131,2.676567657,Neu,2.256339869,3.463432343,PosNeu,3.463432343,2.256339869,5,IAPS/8470.jpg,IAPS/Paper 5.jpg,1
36,36,36,9270.jpg,3.72,5.24,Neg,Monkey 1.jpg,6.161716172,5.284789644,Neu,-2.441716172,-0.044789644,NegNeu,0.044789644,2.441716172,1,IAPS/9270.jpg,IAPS/Monkey 1.jpg,2
227,227,227,9908.jpg,2.34,6.63,Neg,Roofing 5.jpg,5.066006601,2.229773463,Neu,-2.726006601,4.400226537,NegNeu,4.400226537,2.726006601,6,IAPS/9908.jpg,IAPS/Roofing 5.jpg,2
207,207,207,8179.jpg,6.48,6.99,Pos,Paper 3.jpg,5.31372549,2.095709571,Neu,1.16627451,4.894290429,PosNeu,4.894290429,1.16627451,6,IAPS/8179.jpg,IAPS/Paper 3.jpg,2
37,37,37,Tornado 1.jpg,2.464052288,6.412541254,Neg,War 6.jpg,1.522875817,6.359735974,Neg,0.941176471,0.05280528,NegNeg,0.05280528,0.941176471,1,IAPS/Tornado 1.jpg,IAPS/War 6.jpg,2
127,127,127,Fireworks 7.jpg,7.336633663,5.595469256,Pos,Yarn 2.jpg,5.145214521,2.553398058,Neu,2.191419142,3.042071198,PosNeu,3.042071198,2.191419142,4,IAPS/Fireworks 7.jpg,IAPS/Yarn 2.jpg,2
104,104,104,7192.jpg,5.77,3.58,Neu,7380.jpg,2.46,5.88,Neg,3.31,-2.3,NeuNeg,2.3,3.31,3,IAPS/7192.jpg,IAPS/7380.jpg,2
172,172,172,Pinecone 2.jpg,5.562091503,2.504950495,Neu,War 1.jpg,2.012345679,6.333333333,Neg,3.549745824,-3.828382838,NeuNeg,3.828382838,3.549745824,5,IAPS/Pinecone 2.jpg,IAPS/War 1.jpg,2
53,53,53,2375.2.jpg,6.34,4.3,Pos,Nude couple 3.jpg,6.934640523,5.673267327,Pos,-0.594640523,-1.373267327,PosPos,1.373267327,0.594640523,2,IAPS/2375.2.jpg,IAPS/Nude couple 3.jpg,2
79,79,79,8118.jpg,6.14,4.9,Neu,Soldiers 1.jpg,5.209876543,5.025641026,Neu,0.930123457,-0.125641026,NeuNeu,0.125641026,0.930123457,2,IAPS/8118.jpg,IAPS/Soldiers 1.jpg,2
131,131,131,9120.jpg,3.2,5.77,Neg,Sidewalk 1.jpg,5.418300654,2.729372937,Neu,-2.218300654,3.040627063,NegNeu,3.040627063,2.218300654,4,IAPS/9120.jpg,IAPS/Sidewalk 1.jpg,2
139,139,139,1820.jpg,5.35,5.67,Neu,5020.jpg,6.32,2.63,Pos,-0.97,3.04,NeuPos,3.04,0.97,4,IAPS/1820.jpg,IAPS/5020.jpg,2
171,171,171,9050.jpg,2.43,6.36,Neg,Bark 2.jpg,5.345679012,2.487179487,Neu,-2.915679012,3.872820513,NegNeu,3.872820513,2.915679012,5,IAPS/9050.jpg,IAPS/Bark 2.jpg,2
43,43,43,Lion 1.jpg,6.359735974,5.453074434,Pos,Street 3.jpg,6.411764706,4.075907591,Pos,-0.052028732,1.377166843,PosPos,1.377166843,0.052028732,2,IAPS/Lion 1.jpg,IAPS/Street 3.jpg,2
71,71,71,Beach 3.jpg,7.01980198,4.741100324,Pos,Statue 1.jpg,6.777777778,3.41025641,Pos,0.242024202,1.330843914,PosPos,1.330843914,0.242024202,2,IAPS/Beach 3.jpg,IAPS/Statue 1.jpg,2
140,140,140,5410.jpg,6.11,3.29,Neu,6360.jpg,2.23,6.33,Neg,3.88,-3.04,NeuNeg,3.04,3.88,4,IAPS/5410.jpg,IAPS/6360.jpg,2
129,129,129,9260.jpg,4.63,3.45,Neu,Skydiving 5.jpg,6.189542484,6.491749175,Neu,-1.559542484,-3.041749175,NeuNeu,3.041749175,1.559542484,4,IAPS/9260.jpg,IAPS/Skydiving 5.jpg,2
225,225,225,Rocks 7.jpg,5.418300654,2.227722772,Neu,Volcano 2.jpg,3.183006536,6.650165017,Neg,2.235294118,-4.422442245,NeuNeg,4.422442245,2.235294118,6,IAPS/Rocks 7.jpg,IAPS/Volcano 2.jpg,2
83,83,83,2704.jpg,4.85,5.3,Neu,Snow 1.jpg,5.836601307,2.716171617,Neu,-0.986601307,2.583828383,NeuNeu,2.583828383,0.986601307,3,IAPS/2704.jpg,IAPS/Snow 1.jpg,2
112,112,112,2590.jpg,3.26,3.93,Neg,6244.jpg,3.09,5.68,Neg,0.17,-1.75,NegNeg,1.75,0.17,3,IAPS/2590.jpg,IAPS/6244.jpg,2
54,54,54,Doctor 1.jpg,5.888888889,3.864686469,Neu,Snake 1.jpg,3.666666667,5.237623762,Neg,2.222222222,-1.372937293,NeuNeg,1.372937293,2.222222222,2,IAPS/Doctor 1.jpg,IAPS/Snake 1.jpg,2
17,17,17,9322.jpg,2.24,5.73,Neg,Parachuting 1.jpg,6.503267974,5.726072607,Pos,-4.263267974,0.003927393,NegPos,0.003927393,4.263267974,1,IAPS/9322.jpg,IAPS/Parachuting 1.jpg,2
160,160,160,1052.jpg,3.5,6.52,Neg,Roofing 1.jpg,5.02640264,2.346278317,Neu,-1.52640264,4.173721683,NegNeu,4.173721683,1.52640264,5,IAPS/1052.jpg,IAPS/Roofing 1.jpg,2
82,82,82,Garbage dump 7.jpg,3.31372549,2.9669967,Neg,Thunderstorm 11.jpg,4.925925926,5.551282051,Neu,-1.612200436,-2.584285351,NegNeu,2.584285351,1.612200436,3,IAPS/Garbage dump 7.jpg,IAPS/Thunderstorm 11.jpg,2
165,165,165,9414.jpg,2.06,6.49,Neg,Pinecone 1.jpg,5.849673203,2.425742574,Neu,-3.789673203,4.064257426,NegNeu,4.064257426,3.789673203,5,IAPS/9414.jpg,IAPS/Pinecone 1.jpg,2
216,216,216,9413.jpg,1.76,6.81,Neg,Paper 1.jpg,5.211221122,2.15210356,Neu,-3.451221122,4.65789644,NegNeu,4.65789644,3.451221122,6,IAPS/9413.jpg,IAPS/Paper 1.jpg,2
21,21,21,Cups 3.jpg,5.967320261,2.676567657,Neu,Skyscraper 1.jpg,5.172839506,2.666666667,Neu,0.794480755,0.00990099,NeuNeu,0.00990099,0.794480755,1,IAPS/Cups 3.jpg,IAPS/Skyscraper 1.jpg,2
236,236,236,9635.1.jpg,1.9,6.54,Neg,Fire hydrant 2.jpg,5.296296296,2.307692308,Neu,-3.396296296,4.232307692,NegNeu,4.232307692,3.396296296,6,IAPS/9635.1.jpg,IAPS/Fire hydrant 2.jpg,2
6,6,6,Couple 1.jpg,7.052287582,4.947194719,Pos,Miserable pose 4.jpg,3.111111111,4.948717949,Neg,3.941176471,-0.00152323,PosNeg,0.00152323,3.941176471,1,IAPS/Couple 1.jpg,IAPS/Miserable pose 4.jpg,2
162,162,162,9163.jpg,2.1,6.53,Neg,Dirt 3.jpg,5.184818482,2.385113269,Neu,-3.084818482,4.144886731,NegNeu,4.144886731,3.084818482,5,IAPS/9163.jpg,IAPS/Dirt 3.jpg,2
80,80,80,9904.jpg,2.39,6.08,Neg,Drink 2.jpg,5.483660131,3.495049505,Neu,-3.093660131,2.584950495,NegNeu,2.584950495,3.093660131,3,IAPS/9904.jpg,IAPS/Drink 2.jpg,2
132,132,132,5520.jpg,5.33,2.95,Neu,Thunderstorm 8.jpg,5.496732026,5.99009901,Neu,-0.166732026,-3.04009901,NeuNeu,3.04009901,0.166732026,4,IAPS/5520.jpg,IAPS/Thunderstorm 8.jpg,3
50,50,50,2270.jpg,6.28,3.15,Pos,Yoga 3.jpg,6.986928105,4.524752475,Pos,-0.706928105,-1.374752475,PosPos,1.374752475,0.706928105,2,IAPS/2270.jpg,IAPS/Yoga 3.jpg,3
157,157,157,8193.jpg,6.73,6.04,Pos,Snow 4.jpg,4.259259259,3.217948718,Neu,2.470740741,2.822051282,PosNeu,2.822051282,2.470740741,4,IAPS/8193.jpg,IAPS/Snow 4.jpg,3
179,179,179,Acorns 2.jpg,5.692810458,2.636963696,Neu,Rainbow 2.jpg,8.00990099,6.203883495,Pos,-2.317090532,-3.566919799,NeuPos,3.566919799,2.317090532,5,IAPS/Acorns 2.jpg,IAPS/Rainbow 2.jpg,3
62,62,62,1660.jpg,6.49,4.57,Pos,7001.jpg,5.32,3.2,Neu,1.17,1.37,PosNeu,1.37,1.17,2,IAPS/1660.jpg,IAPS/7001.jpg,3
219,219,219,2440.jpg,4.49,2.63,Neu,3080.jpg,1.48,7.22,Neg,3.01,-4.59,NeuNeg,4.59,3.01,6,IAPS/2440.jpg,IAPS/3080.jpg,3
31,31,31,7205.jpg,5.56,2.93,Neu,Pinecone 3.jpg,6.604938272,2.897435897,Pos,-1.044938272,0.032564103,NeuPos,0.032564103,1.044938272,1,IAPS/7205.jpg,IAPS/Pinecone 3.jpg,3
239,239,239,7080.jpg,5.27,2.32,Neu,Fire 9.jpg,1.62745098,6.531353135,Neg,3.64254902,-4.211353135,NeuNeg,4.211353135,3.64254902,6,IAPS/7080.jpg,IAPS/Fire 9.jpg,3
72,72,72,7188.jpg,5.5,4.28,Neu,Bird 5.jpg,5.62745098,5.594059406,Neu,-0.12745098,-1.314059406,NeuNeu,1.314059406,0.12745098,2,IAPS/7188.jpg,IAPS/Bird 5.jpg,3
138,138,138,7052.jpg,5.33,3.01,Neu,9800.jpg,2.04,6.05,Neg,3.29,-3.04,NeuNeg,3.04,3.29,4,IAPS/7052.jpg,IAPS/9800.jpg,3
174,174,174,1670.jpg,6.81,3.05,Pos,3266.jpg,1.56,6.79,Neg,5.25,-3.74,PosNeg,3.74,5.25,5,IAPS/1670.jpg,IAPS/3266.jpg,3
167,167,167,Cups 2.jpg,5.198019802,2.449838188,Neu,Dog attack 3.jpg,3.196078431,6.452145215,Neg,2.001941371,-4.002307027,NeuNeg,4.002307027,2.001941371,5,IAPS/Cups 2.jpg,IAPS/Dog attack 3.jpg,3
220,220,220,8370.jpg,7.77,6.73,Pos,Paper 4.jpg,5.118811881,2.165048544,Neu,2.651188119,4.564951456,PosNeu,4.564951456,2.651188119,6,IAPS/8370.jpg,IAPS/Paper 4.jpg,3
27,27,27,7249.jpg,5.24,3.97,Neu,Musician 1.jpg,6.87654321,3.948717949,Pos,-1.63654321,0.021282051,NeuPos,0.021282051,1.63654321,1,IAPS/7249.jpg,IAPS/Musician 1.jpg,3
156,156,156,2512.jpg,4.86,3.46,Neu,3063.jpg,1.49,6.35,Neg,3.37,-2.89,NeuNeg,2.89,3.37,4,IAPS/2512.jpg,IAPS/3063.jpg,3
20,20,20,7320.jpg,6.54,4.44,Pos,Biking 1.jpg,6.450980392,4.432343234,Pos,0.089019608,0.007656766,PosPos,0.007656766,0.089019608,1,IAPS/7320.jpg,IAPS/Biking 1.jpg,3
94,94,94,7515.jpg,6.19,5.48,Neu,Grass 2.jpg,6.254901961,2.900990099,Pos,-0.064901961,2.579009901,NeuPos,2.579009901,0.064901961,3,IAPS/7515.jpg,IAPS/Grass 2.jpg,3
186,186,186,9620.jpg,2.7,6.11,Neg,Toilet 2.jpg,4.530864198,2.717948718,Neu,-1.830864198,3.392051282,NegNeu,3.392051282,1.830864198,5,IAPS/9620.jpg,IAPS/Toilet 2.jpg,3
102,102,102,1274.jpg,3.17,5.39,Neg,2370.jpg,7.14,2.9,Pos,-3.97,2.49,NegPos,2.49,3.97,3,IAPS/1274.jpg,IAPS/2370.jpg,3
106,106,106,Bird 1.jpg,7.543209877,3.679487179,Pos,Galaxy 8.jpg,7.026143791,5.765676568,Pos,0.517066086,-2.086189389,PosPos,2.086189389,0.517066086,3,IAPS/Bird 1.jpg,IAPS/Galaxy 8.jpg,3
192,192,192,9623.jpg,3.04,6.05,Neg,Pinecone 4.jpg,5.732026144,2.795379538,Neu,-2.692026144,3.254620462,NegNeu,3.254620462,2.692026144,5,IAPS/9623.jpg,IAPS/Pinecone 4.jpg,3
74,74,74,Graveyard 4.jpg,3.950617284,4.5,Neu,Lake 16.jpg,7.811881188,5.388349515,Pos,-3.861263904,-0.888349515,NeuPos,0.888349515,3.861263904,2,IAPS/Graveyard 4.jpg,IAPS/Lake 16.jpg,3
87,87,87,Bungee jumping 1.jpg,5.271604938,5.743589744,Neu,Neutral face 3.jpg,5.673267327,3.161812298,Neu,-0.401662389,2.581777446,NeuNeu,2.581777446,0.401662389,3,IAPS/Bungee jumping 1.jpg,IAPS/Neutral face 3.jpg,3
147,147,147,2200.jpg,4.79,3.18,Neu,6200.jpg,2.71,6.21,Neg,2.08,-3.03,NeuNeg,3.03,2.08,4,IAPS/2200.jpg,IAPS/6200.jpg,3
26,26,26,2165.jpg,7.63,4.55,Pos,2301.jpg,2.78,4.57,Neg,4.85,-0.02,PosNeg,0.02,4.85,1,IAPS/2165.jpg,IAPS/2301.jpg,3
238,238,238,5731.jpg,5.39,2.74,Neu,6510.jpg,2.46,6.96,Neg,2.93,-4.22,NeuNeg,4.22,2.93,6,IAPS/5731.jpg,IAPS/6510.jpg,3
115,115,115,Pigeon 4.jpg,6.491749175,3.951456311,Pos,Shooting 1.jpg,4.124183007,5.567656766,Neu,2.367566168,-1.616200455,PosNeu,1.616200455,2.367566168,3,IAPS/Pigeon 4.jpg,IAPS/Shooting 1.jpg,3
9,9,9,8280.jpg,6.38,5.05,Pos,Frustrated pose 6.jpg,5.910891089,5.051779935,Neu,0.469108911,-0.001779935,PosNeu,0.001779935,0.469108911,1,IAPS/8280.jpg,IAPS/Frustrated pose 6.jpg,3
67,67,67,2635.jpg,5.22,4.42,Neu,8502.jpg,7.51,5.78,Pos,-2.29,-1.36,NeuPos,1.36,2.29,2,IAPS/2635.jpg,IAPS/8502.jpg,3
213,213,213,1050.jpg,3.46,6.87,Neg,Rocks 6.jpg,5.274509804,2.135313531,Neu,-1.814509804,4.734686469,NegNeu,4.734686469,1.814509804,6,IAPS/1050.jpg,IAPS/Rocks 6.jpg,3
201,201,201,8492.jpg,7.21,7.31,Pos,Wall 1.jpg,5.104575163,2.069306931,Neu,2.105424837,5.240693069,PosNeu,5.240693069,2.105424837,6,IAPS/8492.jpg,IAPS/Wall 1.jpg,4
108,108,108,7354.jpg,5.51,3.73,Neu,9930.jpg,3.12,5.71,Neg,2.39,-1.98,NeuNeg,1.98,2.39,3,IAPS/7354.jpg,IAPS/9930.jpg,4
8,8,8,Dancing 7.jpg,7.49382716,4.166666667,Pos,Road 1.jpg,6.411764706,4.168316832,Pos,1.082062454,-0.001650165,PosPos,0.001650165,1.082062454,1,IAPS/Dancing 7.jpg,IAPS/Road 1.jpg,4
153,153,153,1051.jpg,3.8,5.95,Neu,2890.jpg,4.95,2.95,Neu,-1.15,3,NeuNeu,3,1.15,4,IAPS/1051.jpg,IAPS/2890.jpg,4
99,99,99,2395.jpg,7.49,4.19,Pos,3030.jpg,1.91,6.76,Neg,5.58,-2.57,PosNeg,2.57,5.58,3,IAPS/2395.jpg,IAPS/3030.jpg,4
56,56,56,Doctor 5.jpg,4.577557756,4.521035599,Neu,Dog 5.jpg,7.587458746,5.893203883,Pos,-3.00990099,-1.372168284,NeuPos,1.372168284,3.00990099,2,IAPS/Doctor 5.jpg,IAPS/Dog 5.jpg,4
146,146,146,2493.jpg,4.82,3.34,Neu,Dog 6.jpg,8.320261438,6.372937294,Pos,-3.500261438,-3.032937294,NeuPos,3.032937294,3.500261438,4,IAPS/2493.jpg,IAPS/Dog 6.jpg,4
163,163,163,2580.jpg,5.71,2.79,Neu,3400.jpg,2.35,6.91,Neg,3.36,-4.12,NeuNeg,4.12,3.36,5,IAPS/2580.jpg,IAPS/3400.jpg,4
103,103,103,Alcohol 4.jpg,6.024691358,3.487179487,Neu,Fire 2.jpg,2.283950617,5.91025641,Neg,3.740740741,-2.423076923,NeuNeg,2.423076923,3.740740741,3,IAPS/Alcohol 4.jpg,IAPS/Fire 2.jpg,4
224,224,224,8490.jpg,7.2,6.68,Pos,Dirt 4.jpg,5,2.214521452,Neu,2.2,4.465478548,PosNeu,4.465478548,2.2,6,IAPS/8490.jpg,IAPS/Dirt 4.jpg,4
175,175,175,7405.jpg,7.38,6.28,Pos,Rocks 4.jpg,5.692810458,2.570957096,Neu,1.687189542,3.709042904,PosNeu,3.709042904,1.687189542,5,IAPS/7405.jpg,IAPS/Rocks 4.jpg,4
107,107,107,8380.jpg,7.56,5.74,Pos,Neutral pose 1.jpg,6.411764706,3.693069307,Pos,1.148235294,2.046930693,PosPos,2.046930693,1.148235294,3,IAPS/8380.jpg,IAPS/Neutral pose 1.jpg,4
166,166,166,8485.jpg,2.73,6.46,Neg,Roofing 3.jpg,4.901234568,2.435897436,Neu,-2.171234568,4.024102564,NegNeu,4.024102564,2.171234568,5,IAPS/8485.jpg,IAPS/Roofing 3.jpg,4
40,40,40,7235.jpg,4.96,2.83,Neu,Dancing 8.jpg,6.751633987,4.207920792,Pos,-1.791633987,-1.377920792,NeuPos,1.377920792,1.791633987,2,IAPS/7235.jpg,IAPS/Dancing 8.jpg,4
151,151,151,2515.jpg,6.09,3.8,Neu,3530.jpg,1.8,6.82,Neg,4.29,-3.02,NeuNeg,3.02,4.29,4,IAPS/2515.jpg,IAPS/3530.jpg,4
233,233,233,9250.jpg,2.57,6.6,Neg,Sidewalk 5.jpg,5.614379085,2.306930693,Neu,-3.044379085,4.293069307,NegNeu,4.293069307,3.044379085,6,IAPS/9250.jpg,IAPS/Sidewalk 5.jpg,4
221,221,221,9412.jpg,1.83,6.72,Neg,Office supplies 1.jpg,5.049382716,2.179487179,Neu,-3.219382716,4.540512821,NegNeu,4.540512821,3.219382716,6,IAPS/9412.jpg,IAPS/Office supplies 1.jpg,4
196,196,196,Bored face 1.jpg,4.530864198,2.833333333,Neu,Cliff diver 3.jpg,6.49382716,6,Pos,-1.962962962,-3.166666667,NeuPos,3.166666667,1.962962962,5,IAPS/Bored face 1.jpg,IAPS/Cliff diver 3.jpg,4
154,154,154,2445.jpg,5.39,3.83,Neu,6231.jpg,2.49,6.82,Neg,2.9,-2.99,NeuNeg,2.99,2.9,4,IAPS/2445.jpg,IAPS/6231.jpg,4
35,35,35,Cat 4.jpg,7.45751634,4.379537954,Pos,Dog 30.jpg,5.777777778,4.423076923,Neu,1.679738562,-0.043538969,PosNeu,0.043538969,1.679738562,1,IAPS/Cat 4.jpg,IAPS/Dog 30.jpg,4
110,110,110,2702.jpg,5.21,3.92,Neu,3180.jpg,1.92,5.77,Neg,3.29,-1.85,NeuNeg,1.85,3.29,3,IAPS/2702.jpg,IAPS/3180.jpg,4
63,63,63,1270.jpg,3.68,4.77,Neg,2026.jpg,4.82,3.4,Neu,-1.14,1.37,NegNeu,1.37,1.14,2,IAPS/1270.jpg,IAPS/2026.jpg,4
164,164,164,Cardboard 2.jpg,5.012345679,2.423076923,Neu,Tornado 4.jpg,3.261437908,6.518151815,Neg,1.750907771,-4.095074892,NeuNeg,4.095074892,1.750907771,5,IAPS/Cardboard 2.jpg,IAPS/Tornado 4.jpg,4
47,47,47,8040.jpg,6.64,5.61,Pos,Birthday 3.jpg,7.091503268,4.234323432,Pos,-0.451503268,1.375676568,PosPos,1.375676568,0.451503268,2,IAPS/8040.jpg,IAPS/Birthday 3.jpg,4
18,18,18,Monkey 3.jpg,4.49382716,4.423076923,Neu,Running away 1.jpg,5.77124183,4.419141914,Neu,-1.27741467,0.003935009,NeuNeu,0.003935009,1.27741467,1,IAPS/Monkey 3.jpg,IAPS/Running away 1.jpg,4
14,14,14,9150.jpg,4.54,5.31,Neu,Rock climbing 4.jpg,5.320987654,5.307692308,Neu,-0.780987654,0.002307692,NeuNeu,0.002307692,0.780987654,1,IAPS/9150.jpg,IAPS/Rock climbing 4.jpg,4
1,1,1,7365.jpg,5.2,4.13,Neu,Collaboration 1.jpg,6.908496732,4.128712871,Pos,-1.708496732,0.001287129,NeuPos,0.001287129,1.708496732,1,IAPS/7365.jpg,IAPS/Collaboration 1.jpg,4
203,203,203,8185.jpg,7.57,7.27,Pos,Wall 3.jpg,5.078431373,2.082508251,Neu,2.491568627,5.187491749,PosNeu,5.187491749,2.491568627,6,IAPS/8185.jpg,IAPS/Wall 3.jpg,4
159,159,159,5260.jpg,7.34,5.71,Pos,7003.jpg,5,3.07,Neu,2.34,2.64,PosNeu,2.64,2.34,4,IAPS/5260.jpg,IAPS/7003.jpg,4
70,70,70,8241.jpg,5.76,4.06,Neu,Beach 7.jpg,7.758169935,5.409240924,Pos,-1.998169935,-1.349240924,NeuPos,1.349240924,1.998169935,2,IAPS/8241.jpg,IAPS/Beach 7.jpg,4
217,217,217,1300.jpg,3.55,6.79,Neg,Office supplies 5.jpg,5.074074074,2.153846154,Neu,-1.524074074,4.636153846,NegNeu,4.636153846,1.524074074,6,IAPS/1300.jpg,IAPS/Office supplies 5.jpg,5
23,23,23,Parachuting 2.jpg,6.908496732,5.448844884,Pos,Parasailing 2.jpg,6.504950495,5.466019417,Pos,0.403546237,-0.017174533,PosPos,0.017174533,0.403546237,1,IAPS/Parachuting 2.jpg,IAPS/Parasailing 2.jpg,5
60,60,60,1900.jpg,6.65,3.46,Pos,4600.jpg,6.41,4.83,Pos,0.24,-1.37,PosPos,1.37,0.24,2,IAPS/1900.jpg,IAPS/4600.jpg,5
114,114,114,2115.jpg,3.83,4.98,Neu,2357.jpg,5.41,3.33,Neu,-1.58,1.65,NeuNeu,1.65,1.58,3,IAPS/2115.jpg,IAPS/2357.jpg,5
7,7,7,Alcohol 7.jpg,5.633663366,3.834951456,Neu,Yoga 2.jpg,3.790123457,3.833333333,Neu,1.843539909,0.001618123,NeuNeu,0.001618123,1.843539909,1,IAPS/Alcohol 7.jpg,IAPS/Yoga 2.jpg,5
226,226,226,9252.jpg,1.98,6.64,Neg,Sidewalk 6.jpg,3.444444444,2.227722772,Neg,-1.464444444,4.412277228,NegNeg,4.412277228,1.464444444,6,IAPS/9252.jpg,IAPS/Sidewalk 6.jpg,5
209,209,209,Explosion 5.jpg,2.098039216,6.940594059,Neg,Paperclips 3.jpg,5.065359477,2.122112211,Neu,-2.967320261,4.818481848,NegNeu,4.818481848,2.967320261,6,IAPS/Explosion 5.jpg,IAPS/Paperclips 3.jpg,5
2,2,2,8620.jpg,6.04,4.6,Neu,Scared face 5.jpg,3.706270627,4.598705502,Neg,2.333729373,0.001294498,NeuNeg,0.001294498,2.333729373,1,IAPS/8620.jpg,IAPS/Scared face 5.jpg,5
230,230,230,2620.jpg,5.93,2.72,Neu,6550.jpg,2.73,7.09,Neg,3.2,-4.37,NeuNeg,4.37,3.2,6,IAPS/2620.jpg,IAPS/6550.jpg,5
13,13,13,4572.jpg,6.15,4.8,Neu,Dessert 6.jpg,7.117647059,4.801980198,Pos,-0.967647059,-0.001980198,NeuPos,0.001980198,0.967647059,1,IAPS/4572.jpg,IAPS/Dessert 6.jpg,5
185,185,185,5626.jpg,6.71,6.1,Pos,7040.jpg,4.69,2.69,Neu,2.02,3.41,PosNeu,3.41,2.02,5,IAPS/5626.jpg,IAPS/7040.jpg,5
81,81,81,1710.jpg,8.34,5.41,Pos,Keys 1.jpg,5.03960396,2.825242718,Neu,3.30039604,2.584757282,PosNeu,2.584757282,3.30039604,3,IAPS/1710.jpg,IAPS/Keys 1.jpg,5
75,75,75,9530.jpg,2.93,5.2,Neg,Money 1.jpg,6.280528053,4.572815534,Pos,-3.350528053,0.627184466,NegPos,0.627184466,3.350528053,2,IAPS/9530.jpg,IAPS/Money 1.jpg,5
173,173,173,Dirt 1.jpg,1.810457516,6.306930693,Neg,Fence 1.jpg,4.643564356,2.540453074,Neu,-2.83310684,3.766477619,NegNeu,3.766477619,2.83310684,5,IAPS/Dirt 1.jpg,IAPS/Fence 1.jpg,5
142,142,142,3550.1.jpg,2.35,6.29,Neg,7300.jpg,5.64,3.25,Neu,-3.29,3.04,NegNeu,3.04,3.29,4,IAPS/3550.1.jpg,IAPS/7300.jpg,5
190,190,190,8499.jpg,7.63,6.07,Pos,Snow 3.jpg,5.75308642,2.782051282,Neu,1.87691358,3.287948718,PosNeu,3.287948718,1.87691358,5,IAPS/8499.jpg,IAPS/Snow 3.jpg,5
49,49,49,9405.jpg,1.83,6.08,Neg,Garbage dump 2.jpg,1.802469136,4.705128205,Neg,0.027530864,1.374871795,NegNeg,1.374871795,0.027530864,2,IAPS/9405.jpg,IAPS/Garbage dump 2.jpg,5
97,97,97,Injury 1.jpg,2.294117647,5.712871287,Neg,Sleepy pose 2.jpg,4.516339869,3.138613861,Neu,-2.222222222,2.574257426,NegNeu,2.574257426,2.222222222,3,IAPS/Injury 1.jpg,IAPS/Sleepy pose 2.jpg,5
15,15,15,9426.jpg,3.08,5.28,Neg,Fire 4.jpg,5.431372549,5.277227723,Neu,-2.351372549,0.002772277,NegNeu,0.002772277,2.351372549,1,IAPS/9426.jpg,IAPS/Fire 4.jpg,5
109,109,109,Barbeque 1.jpg,5.954248366,3.772277228,Neu,Fire 3.jpg,2.407407407,5.692307692,Neg,3.546840959,-1.920030464,NeuNeg,1.920030464,3.546840959,3,IAPS/Barbeque 1.jpg,IAPS/Fire 3.jpg,5
161,161,161,Dirt 5.jpg,4.392739274,2.32038835,Neu,Rollercoaster 2.jpg,6.830065359,6.491749175,Pos,-2.437326085,-4.171360825,NeuPos,4.171360825,2.437326085,5,IAPS/Dirt 5.jpg,IAPS/Rollercoaster 2.jpg,5
130,130,130,8260.jpg,6.18,5.85,Neu,Sleepy pose 3.jpg,4.607843137,2.808580858,Neu,1.572156863,3.041419142,NeuNeu,3.041419142,1.572156863,4,IAPS/8260.jpg,IAPS/Sleepy pose 3.jpg,5
169,169,169,8206.jpg,6.43,6.41,Pos,Rocks 2.jpg,5.409240924,2.475728155,Neu,1.020759076,3.934271845,PosNeu,3.934271845,1.020759076,5,IAPS/8206.jpg,IAPS/Rocks 2.jpg,5
234,234,234,8180.jpg,7.12,6.59,Pos,Cardboard 1.jpg,5.024691358,2.307692308,Neu,2.095308642,4.282307692,PosNeu,4.282307692,2.095308642,6,IAPS/8180.jpg,IAPS/Cardboard 1.jpg,5
150,150,150,Bored pose 3.jpg,3.784313725,3.283828383,Neu,KKK rally 2.jpg,1.339869281,6.306930693,Neg,2.444444444,-3.02310231,NeuNeg,3.02310231,2.444444444,4,IAPS/Bored pose 3.jpg,IAPS/KKK rally 2.jpg,5
66,66,66,7530.jpg,6.71,4,Pos,Baby 4.jpg,7.561056106,5.362459547,Pos,-0.851056106,-1.362459547,PosPos,1.362459547,0.851056106,2,IAPS/7530.jpg,IAPS/Baby 4.jpg,5
148,148,148,1620.jpg,7.37,3.54,Pos,3212.jpg,2.79,6.57,Neg,4.58,-3.03,PosNeg,3.03,4.58,4,IAPS/1620.jpg,IAPS/3212.jpg,5
149,149,149,5781.jpg,7.13,3.82,Pos,6563.jpg,1.77,6.85,Neg,5.36,-3.03,PosNeg,3.03,5.36,4,IAPS/5781.jpg,IAPS/6563.jpg,5
77,77,77,Alcohol 8.jpg,6.9669967,4.72815534,Pos,Car accident 2.jpg,2.296296296,5.115384615,Neg,4.670700404,-0.387229275,PosNeg,0.387229275,4.670700404,2,IAPS/Alcohol 8.jpg,IAPS/Car accident 2.jpg,5
88,88,88,2208.jpg,7.35,5.68,Pos,Billiards 1.jpg,5.692810458,3.099009901,Neu,1.657189542,2.580990099,PosNeu,2.580990099,1.657189542,3,IAPS/2208.jpg,IAPS/Billiards 1.jpg,5
5,5,5,7475.jpg,6.33,4.17,Pos,Birthday 2.jpg,6.768976898,4.171521036,Pos,-0.438976898,-0.001521036,PosPos,0.001521036,0.438976898,1,IAPS/7475.jpg,IAPS/Birthday 2.jpg,6
45,45,45,9046.jpg,3.32,4.31,Neg,Nude couple 13.jpg,7.392156863,5.686468647,Pos,-4.072156863,-1.376468647,NegPos,1.376468647,4.072156863,2,IAPS/9046.jpg,IAPS/Nude couple 13.jpg,6
214,214,214,8186.jpg,7.01,6.84,Pos,Cardboard 3.jpg,4.660130719,2.148514851,Neu,2.349869281,4.691485149,PosNeu,4.691485149,2.349869281,6,IAPS/8186.jpg,IAPS/Cardboard 3.jpg,6
95,95,95,2055.1.jpg,3.15,4.95,Neg,Cups 1.jpg,5.369636964,2.372168285,Neu,-2.219636964,2.577831715,NegNeu,2.577831715,2.219636964,3,IAPS/2055.1.jpg,IAPS/Cups 1.jpg,6
136,136,136,5551.jpg,7.31,3.26,Pos,8034.jpg,7.06,6.3,Pos,0.25,-3.04,PosPos,3.04,0.25,4,IAPS/5551.jpg,IAPS/8034.jpg,6
119,119,119,9101.jpg,3.62,4.02,Neg,Rafting 1.jpg,5.777777778,5.487179487,Neu,-2.157777778,-1.467179487,NegNeu,1.467179487,2.157777778,3,IAPS/9101.jpg,IAPS/Rafting 1.jpg,6
204,204,204,9940.jpg,1.62,7.15,Neg,Cotton swabs 3.jpg,5.169934641,2.082508251,Neu,-3.549934641,5.067491749,NegNeu,5.067491749,3.549934641,6,IAPS/9940.jpg,IAPS/Cotton swabs 3.jpg,6
199,199,199,7100.jpg,5.24,2.89,Neu,9909.jpg,2.78,5.98,Neg,2.46,-3.09,NeuNeg,3.09,2.46,5,IAPS/7100.jpg,IAPS/9909.jpg,6
86,86,86,9600.jpg,2.48,6.46,Neg,Fence 4.jpg,3.509803922,3.877887789,Neg,-1.029803922,2.582112211,NegNeg,2.582112211,1.029803922,3,IAPS/9600.jpg,IAPS/Fence 4.jpg,6
118,118,118,2211.jpg,5.19,4.05,Neu,2300.jpg,7.04,5.55,Pos,-1.85,-1.5,NeuPos,1.5,1.85,3,IAPS/2211.jpg,IAPS/2300.jpg,6
197,197,197,9902.jpg,2.33,6,Neg,Phone 1.jpg,5.679738562,2.874587459,Neu,-3.349738562,3.125412541,NegNeu,3.125412541,3.349738562,5,IAPS/9902.jpg,IAPS/Phone 1.jpg,6
58,58,58,6250.2.jpg,6.32,5.13,Pos,House 1.jpg,5.941176471,3.759075908,Neu,0.378823529,1.370924092,PosNeu,1.370924092,0.378823529,2,IAPS/6250.2.jpg,IAPS/House 1.jpg,6
143,143,143,1019.jpg,3.95,5.77,Neu,Fire hydrant 4.jpg,5.580246914,2.730769231,Neu,-1.630246914,3.039230769,NeuNeu,3.039230769,1.630246914,4,IAPS/1019.jpg,IAPS/Fire hydrant 4.jpg,6
73,73,73,Cold 8.jpg,7.0330033,4.313915858,Pos,Nature 1.jpg,7.825082508,5.569579288,Pos,-0.792079208,-1.25566343,PosPos,1.25566343,0.792079208,2,IAPS/Cold 8.jpg,IAPS/Nature 1.jpg,6
200,200,200,8030.jpg,7.33,7.35,Pos,Wall 2.jpg,5.039215686,1.924092409,Neu,2.290784314,5.425907591,PosNeu,5.425907591,2.290784314,6,IAPS/8030.jpg,IAPS/Wall 2.jpg,6
135,135,135,1070.jpg,3.96,6.16,Neu,7017.jpg,5.18,3.12,Neu,-1.22,3.04,NeuNeu,3.04,1.22,4,IAPS/1070.jpg,IAPS/7017.jpg,6
134,134,134,1604.jpg,7.11,3.3,Pos,5972.jpg,3.85,6.34,Neu,3.26,-3.04,PosNeu,3.04,3.26,4,IAPS/1604.jpg,IAPS/5972.jpg,6
19,19,19,Animal carcass 4.jpg,4.725490196,5.264026403,Neu,Dog 20.jpg,7.534653465,5.258899676,Pos,-2.809163269,0.005126727,NeuPos,0.005126727,2.809163269,1,IAPS/Animal carcass 4.jpg,IAPS/Dog 20.jpg,6
178,178,178,1610.jpg,7.82,3.08,Pos,3110.jpg,1.79,6.7,Neg,6.03,-3.62,PosNeg,3.62,6.03,5,IAPS/1610.jpg,IAPS/3110.jpg,6
11,11,11,Graveyard 2.jpg,4.03630363,4.430420712,Neu,Nature 2.jpg,7.222222222,4.432343234,Pos,-3.185918592,-0.001922522,NeuPos,0.001922522,3.185918592,1,IAPS/Graveyard 2.jpg,IAPS/Nature 2.jpg,6
42,42,42,7240.jpg,6.02,5.51,Neu,Hangover 1.jpg,2.887788779,4.132686084,Neg,3.132211221,1.377313916,NeuNeg,1.377313916,3.132211221,2,IAPS/7240.jpg,IAPS/Hangover 1.jpg,6
210,210,210,1120.jpg,3.79,6.93,Neu,Office supplies 2.jpg,5.118811881,2.126213592,Neu,-1.328811881,4.803786408,NeuNeu,4.803786408,1.328811881,6,IAPS/1120.jpg,IAPS/Office supplies 2.jpg,6
57,57,57,9910.jpg,2.06,6.2,Neg,Plane crash 2.jpg,3.418300654,4.828382838,Neg,-1.358300654,1.371617162,NegNeg,1.371617162,1.358300654,2,IAPS/9910.jpg,IAPS/Plane crash 2.jpg,6
90,90,90,5631.jpg,7.29,3.86,Pos,6370.jpg,2.7,6.44,Neg,4.59,-2.58,PosNeg,2.58,4.59,3,IAPS/5631.jpg,IAPS/6370.jpg,6
191,191,191,Alcohol 3.jpg,5.222222222,2.794871795,Neu,Lightning 3.jpg,5.784313725,6.056105611,Neu,-0.562091503,-3.261233816,NeuNeu,3.261233816,0.562091503,5,IAPS/Alcohol 3.jpg,IAPS/Lightning 3.jpg,6
229,229,229,9810.jpg,2.09,6.62,Neg,Paper 2.jpg,5.118811881,2.242718447,Neu,-3.028811881,4.377281553,NegNeu,4.377281553,3.028811881,6,IAPS/9810.jpg,IAPS/Paper 2.jpg,6
144,144,144,9480.jpg,3.51,5.57,Neg,Keyboard 1.jpg,5.222222222,2.531353135,Neu,-1.712222222,3.038646865,NegNeu,3.038646865,1.712222222,4,IAPS/9480.jpg,IAPS/Keyboard 1.jpg,6
34,34,34,8191.jpg,6.07,6.19,Neu,Explosion 3.jpg,3.197530864,6.230769231,Neg,2.872469136,-0.040769231,NeuNeg,0.040769231,2.872469136,1,IAPS/8191.jpg,IAPS/Explosion 3.jpg,6
0,0,0,7480.jpg,7.08,4.55,Pos,Baby 2.jpg,7.703703704,4.551282051,Pos,-0.623703704,-0.001282051,PosPos,0.001282051,0.623703704,1,IAPS/7480.jpg,IAPS/Baby 2.jpg,6
180,180,180,3005.1.jpg,1.63,6.2,Neg,Sidewalk 3.jpg,5.396039604,2.644012945,Neu,-3.766039604,3.555987055,NegNeu,3.555987055,3.766039604,5,IAPS/3005.1.jpg,IAPS/Sidewalk 3.jpg,6